,trends__gt_higgsfield_raw,trends__gt_higgsfield_7d_ma,trends__gt_higgsfield_trend,trends__gt_ratio_runway,trends__gt_ratio_runway_7d_ma,trends__gt_ratio_runway_trend,trends__gt_ratio_kling,trends__gt_ratio_kling_7d_ma,trends__gt_ratio_kling_trend,trends__gt_ratio_ltx_studio,trends__gt_ratio_ltx_studio_7d_ma,trends__gt_ratio_ltx_studio_trend,trends__gt_ratio_pika,trends__gt_ratio_pika_7d_ma,trends__gt_ratio_pika_trend,trends__gt_ratio_magichour,trends__gt_ratio_magichour_7d_ma,trends__gt_ratio_magichour_trend,trends__gt_ratio_remaker,trends__gt_ratio_remaker_7d_ma,trends__gt_ratio_remaker_trend,trends__gt_ratio_invideo,trends__gt_ratio_invideo_7d_ma,trends__gt_ratio_invideo_trend,trends__gt_competitor_avg,trends__gt_competitor_max,trends__gt_hf_vs_comp_avg_ratio,trends__gt_hf_share_of_voice,launches__n_competitor_events_7d,launches__max_event_severity_7d,launches__cumulative_threat_score,launches__days_since_last_competitor_launch,launches__competitor_launch_decay,launches__event_model_release_7d,launches__event_pricing_change_7d,launches__event_funding_7d,launches__event_feature_release_7d,migration__social_youtube_mentions,migration__social_youtube_sentiment,migration__social_youtube_engagement,migration__social_youtube_migration_signals,migration__total_migration_signals_daily,migration__total_migration_signals_7d,migration__total_migration_signals_30d,benchmarks__benchmark_search_hits_daily,benchmarks__benchmark_title_len_mean_daily,benchmarks__benchmark_vs_in_title_share_daily,benchmarks__benchmark_search_hits_7d,oss__oss_video_github_stars_daily,oss__oss_video_github_stars_7d,oss__oss_video_hf_downloads_daily,oss__oss_video_hf_downloads_7d,oss__oss_video_hf_downloads_trend,oss__oss_threat_composite,interaction__ix_comp_hype_x_migration_7d,interaction__ix_share_of_voice_gap_x_migration,interaction__ix_comp_launch_x_oss_threat,interaction__ix_launch_severity_x_benchmark_hits_7d,interaction__ix_hf_vs_comp_ratio_x_oss,interaction__compound_threat_score,interaction__compound_threat_7d_ma,interaction__compound_threat_trend
2025-12-30,56,0.0,0.0,2.074074074074074,0.0,0.0,0.6511627906976745,0.0,0.0,7.0,0.0,0.0,1.6,0.0,0.0,56.0,0.0,0.0,1.1914893617021276,0.0,0.0,1.302325581395349,0.0,0.0,34.285714285714285,85,1.5870445344129556,0.1885521885521885,0,0.0,0.0,0.0,0.0,0,0,0,0,1.0,0.0,323.0,0.0,0.0,0.0,0.0,0,0,0,0,382,0.0,18874,0.0,0.0,0.0,0.0,0.0,0.0,0.0,0.0,0.0,0.0,0.0
2025-12-31,62,0.0,0.0,2.1379310344827585,0.0,0.0,0.7126436781609196,0.0,0.0,6.2,0.0,0.0,1.878787878787879,0.0,0.0,62.0,0.0,0.0,1.148148148148148,0.0,0.0,1.5897435897435896,0.0,0.0,35.142857142857146,86,1.7154150197628455,0.2006472491909385,0,0.0,0.0,0.0,0.0,0,0,0,0,0.0,0.0,0.0,0.0,0.0,0.0,0.0,0,0,0,0,382,0.0,18874,0.0,0.0,0.0,0.0,0.0,0.0,0.0,0.0,0.0,0.0,0.0
2026-01-01,57,0.0,0.0,2.111111111111111,0.0,0.0,0.6404494382022472,0.0,0.0,5.181818181818182,0.0,0.0,1.6285714285714286,0.0,0.0,57.0,0.0,0.0,1.0754716981132075,0.0,0.0,1.3571428571428572,0.0,0.0,35.857142857142854,88,1.5465116279069768,0.1844660194174757,0,0.0,0.0,0.0,0.0,0,0,0,0,0.0,0.0,0.0,0.0,0.0,0.0,0.0,0,0,0,0,382,0.0,18874,0.0,0.0,0.0,0.0,0.0,0.0,0.0,0.0,0.0,0.0,0.0
2026-01-02,60,0.0,0.0,2.142857142857143,0.0,0.0,0.6593406593406593,0.0,0.0,6.0,0.0,0.0,1.7142857142857142,0.0,0.0,20.0,0.0,0.0,1.2,0.0,0.0,1.6216216216216215,0.0,0.0,35.285714285714285,90,1.653543307086614,0.1948051948051948,0,0.0,0.0,0.0,0.0,0,0,0,0,0.0,0.0,0.0,0.0,0.0,0.0,0.0,0,0,0,0,382,0.0,18874,0.0,0.0,0.0,0.0,0.0,0.0,0.0,0.0,0.0,0.0,0.0
2026-01-03,63,0.0,0.0,2.25,0.0,0.0,0.6847826086956522,0.0,0.0,7.875,0.0,0.0,1.7027027027027026,0.0,0.0,63.0,0.0,0.0,1.2115384615384617,0.0,0.0,1.575,0.0,0.0,35.857142857142854,91,1.7093023255813955,0.2,0,0.0,0.0,0.0,0.0,0,0,0,0,0.0,0.0,0.0,0.0,0.0,0.0,0.0,0,0,0,0,382,0.0,18874,0.0,0.0,0.0,0.0,0.0,0.0,0.0,0.0,0.0,0.0,0.0
2026-01-04,55,0.0,0.0,1.9642857142857144,0.0,0.0,0.6043956043956044,0.0,0.0,6.875,0.0,0.0,1.5277777777777777,0.0,0.0,55.0,0.0,0.0,0.9322033898305084,0.0,0.0,1.2790697674418603,0.0,0.0,37.0,90,1.4473684210526316,0.1746031746031746,0,0.0,0.0,0.0,0.0,0,0,0,0,0.0,0.0,0.0,0.0,0.0,0.0,0.0,0,0,0,0,382,0.0,18874,0.0,0.0,0.0,0.0,0.0,0.0,0.0,0.0,0.0,0.0,0.0
2026-01-05,51,57.71428571428572,0.0,1.7586206896551724,2.062697109495139,0.0,0.6455696202531646,0.6569063428208459,0.0,6.375,6.500974025974026,0.0,1.5,1.650303643160786,0.0,51.0,52.0,0.0,0.864406779661017,1.0890368341419243,0.0,1.275,1.4285576310493255,0.0,34.714285714285715,78,1.428,0.1728813559322033,0,0.0,0.0,0.0,0.0,0,0,0,0,0.0,0.0,0.0,0.0,0.0,0.0,0.0,0,0,0,0,382,2674.0,18874,132118.0,0.0,0.5051020408163265,0.0,0.0,0.0,0.0,0.3512531577304079,0.0526879736595611,0.0075268533799373,0.0
2026-01-06,52,57.142857142857146,-0.0714285714285714,1.8571428571428568,2.031706935647822,-0.1045918367346937,0.5842696629213483,0.6473501817099422,-0.1027287319422152,6.5,6.429545454545455,-0.0714285714285714,1.5757575757575757,1.6468404396975826,-0.0151515151515152,52.0,51.42857142857143,-0.0714285714285714,1.0833333333333333,1.0735859729463824,-0.0907738095238095,1.4444444444444444,1.4488603257706247,0.1091269841269839,33.714285714285715,88,1.4979423868312758,0.1799307958477508,0,0.0,0.0,0.0,0.0,0,0,0,0,0.0,0.0,0.0,0.0,0.0,0.0,0.0,0,0,0,0,382,2674.0,18874,132118.0,0.0,0.5051020408163265,0.0,0.0,0.0,0.0,0.334961100123809,0.0502441650185713,0.0147045912397332,inf
2026-01-07,48,55.142857142857146,-0.2258064516129032,2.0869565217391304,2.0244248623987326,-0.0238429172510518,0.5783132530120482,0.6281601209743891,-0.1884959191605131,8.0,6.686688311688312,0.2903225806451612,1.5483870967741935,1.5996403279813418,-0.1758584807492196,48.0,49.42857142857143,-0.2258064516129032,0.9056603773584906,1.038944862833574,-0.2111990261716372,1.1428571428571428,1.3850194047868467,-0.2811059907834101,33.142857142857146,82,1.405857740585774,0.1708185053380783,0,0.0,0.0,0.0,0.0,0,0,0,0,0.0,0.0,0.0,0.0,0.0,0.0,0.0,0,0,0,0,382,2674.0,18874,132118.0,0.0,0.5051020408163265,0.0,0.0,0.0,0.0,0.3567463215671327,0.0535119482350699,0.0223491552733146,inf
2026-01-08,51,54.285714285714285,-0.1052631578947368,1.8888888888888888,1.9926788306527008,-0.1052631578947368,0.6071428571428571,0.6234020379659049,-0.0520050125313283,5.666666666666667,6.7559523809523805,0.0935672514619883,1.59375,1.594665838185423,-0.0213815789473683,51.0,48.57142857142857,-0.1052631578947368,0.8947368421052632,1.013125597689582,-0.1680517082179131,1.2439024390243902,1.368842202198494,-0.0834403080872914,34.857142857142854,83,1.4223107569721116,0.1722972972972972,0,0.0,0.0,0.0,0.0,0,0,0,0,0.0,0.0,0.0,0.0,0.0,0.0,0.0,0,0,0,0,382,2674.0,18874,132118.0,0.0,0.5051020408163265,0.0,0.0,0.0,0.0,0.352648360949342,0.0528972541424013,0.0299059058650862,inf
2026-01-09,54,53.42857142857143,-0.0999999999999999,2.25,2.00798495310168,0.05,0.675,0.6256390866315249,0.0237500000000001,6.75,6.863095238095238,0.125,1.8,1.606910736144607,0.05,54.0,53.42857142857143,1.7000000000000002,0.8709677419354839,0.9661209893946512,-0.2741935483870967,1.3846153846153846,1.3349841683404604,-0.1461538461538462,33.857142857142854,79,1.5491803278688523,0.184931506849315,0,0.0,0.0,0.0,0.0,0,0,0,0,0.0,0.0,0.0,0.0,0.0,0.0,0.0,0,0,0,0,382,2674.0,18874,132118.0,0.0,0.5051020408163265,0.0,0.0,0.0,0.0,0.3239535747008297,0.0485930362051244,0.036847768180104,inf
2026-01-10,55,52.285714285714285,-0.1269841269841269,2.1153846153846154,1.988754183870911,-0.0598290598290598,0.7051282051282052,0.6285456004076039,0.0297110297110296,6.875,6.720238095238095,-0.1269841269841269,1.4864864864864864,1.5760227052565765,-0.1269841269841269,55.0,52.285714285714285,-0.1269841269841269,0.7857142857142857,0.9052889642769116,-0.3514739229024943,1.4473684210526316,1.3167510856336937,-0.0810359231411862,35.857142857142854,77,1.492248062015504,0.1791530944625407,0,0.0,0.0,0.0,0.0,0,0,0,0,0.0,0.0,0.0,0.0,0.0,0.0,0.0,0,0,0,0,382,2674.0,18874,132118.0,0.0,0.5051020408163265,0.0,0.0,0.0,0.0,0.3362307821110796,0.0504346173166619,0.0440527135110557,inf
2026-01-11,77,55.42857142857143,0.3999999999999999,2.851851851851852,2.115549346380359,0.4518518518518517,0.8461538461538461,0.6630824920873527,0.4000000000000001,9.625,7.113095238095238,0.3999999999999999,2.081081081081081,1.655066034299905,0.3621621621621622,77.0,55.42857142857143,0.3999999999999999,0.8279569892473119,0.8903966213364551,-0.1118279569892471,1.8333333333333333,1.395931595046761,0.4333333333333331,41.71428571428572,92,1.8026755852842808,0.2081081081081081,0,0.0,0.0,0.0,0.0,0,0,0,0,1.0,0.0,14557.0,0.0,0.0,0.0,0.0,0,0,0,0,382,2674.0,18874,132118.0,0.0,0.5051020408163265,0.0,0.0,0.0,0.0,0.2786499939188576,0.0417974990878286,0.0500237848093169,inf
2026-01-12,53,55.71428571428572,0.0392156862745098,2.0384615384615383,2.155526610495554,0.1591251885369531,0.6162790697674418,0.6588981277322495,-0.0453716370269038,5.3,6.95952380952381,-0.1686274509803922,1.4722222222222223,1.651097780331651,-0.0185185185185184,53.0,55.71428571428572,0.0392156862745098,0.5247524752475248,0.8418745778488133,-0.3929334109881576,1.358974358974359,1.407927932043098,0.0658622423328307,41.71428571428572,100,1.2408026755852843,0.1531791907514451,0,0.0,0.0,0.0,0.0,0,0,0,0,0.0,0.0,0.0,0.0,0.0,0.0,0.0,0,0,0,0,382,2674.0,18874,132118.0,0.0,0.5051020408163265,0.0,0.0,0.0,0.0,0.4038223219981326,0.0605733482997198,0.0511502669007682,0.1496617556619157
2026-01-13,51,55.57142857142857,-0.0192307692307692,1.9615384615384612,2.170440268266355,0.0562130177514792,0.6071428571428571,0.6621657269067508,0.0391483516483515,6.375,6.941666666666667,-0.0192307692307692,1.5454545454545454,1.6467687760026468,-0.0192307692307691,51.0,55.57142857142857,-0.0192307692307692,0.6071428571428571,0.7738473669644595,-0.4395604395604395,1.3076923076923077,1.3883919125070785,-0.0946745562130176,38.285714285714285,83,1.2981818181818183,0.159375,1,0.8,0.8,0.0,0.8,1,0,0,0,0.0,0.0,0.0,0.0,0.0,0.0,0.0,0,0,0,0,382,2674.0,18874,132118.0,0.0,0.5051020408163265,0.0,0.0,0.5051020408163265,0.0,0.3861099686573725,0.1589369034618711,0.0666778009640967,2.1632907702441586
2026-01-14,51,56.0,0.0625,2.125,2.175875050875051,0.0182291666666667,0.5795454545454546,0.6623417556972375,0.0021306818181818,5.666666666666667,6.608333333333333,-0.2916666666666666,1.4166666666666667,1.627951571701572,-0.0850694444444444,51.0,56.0,0.0625,0.6,0.7301815987703895,-0.3375,1.3421052631578947,1.4168559296929002,0.1743421052631579,39.142857142857146,87,1.270462633451957,0.156441717791411,1,0.8,0.8,1.0,0.7238699344287677,1,0,0,0,0.0,0.0,0.0,0.0,0.0,0.0,0.0,0,0,0,0,382,2674.0,18874,132118.0,0.0,0.5051020408163265,0.0,0.0,0.5051020408163265,0.0,0.3944683957349372,0.1601906675235059,0.0819176180053019,1.993549530654584
2026-01-15,49,55.71428571428572,-0.0392156862745097,1.96,2.186033781033781,0.0376470588235293,0.5903614457831325,0.6599444112172768,-0.027639971651311,6.125,6.673809523809524,0.0808823529411764,1.4411764705882353,1.6061553532141768,-0.0957324106113033,49.0,55.71428571428572,-0.0392156862745097,0.6282051282051282,0.6921056396417988,-0.2978883861236803,1.225,1.4141555812608444,-0.0151960784313724,37.42857142857143,82,1.275092936802974,0.157051282051282,1,0.8,0.8,2.0,0.6549846024623855,1,0,0,0,1.0,0.0,119196.0,0.0,0.0,0.0,0.0,0,0,0,0,382,2674.0,18874,132118.0,0.0,0.5051020408163265,0.0,0.0,0.5051020408163265,0.0,0.3930470912655611,0.1599774718530994,0.097214791963973,2.024305787639457
2026-01-16,44,54.285714285714285,-0.1851851851851852,2.0,2.1503194953194957,-0.1111111111111111,0.5432098765432098,0.6411172507234496,-0.1952446273433928,6.285714285714286,6.607482993197279,-0.0687830687830688,1.375,1.5454410674998909,-0.2361111111111111,44.0,54.285714285714285,-0.1851851851851852,0.5569620253164557,0.6472476801247947,-0.3605250820440694,1.2222222222222223,1.3909565580618213,-0.1172839506172838,35.857142857142854,80,1.1937984496124032,0.1486486486486486,1,0.8,0.8,3.0,0.5926545765453743,1,0,0,0,0.0,0.0,0.0,0.0,0.0,0.0,0.0,0,0,0,0,382,2674.0,18874,132118.0,0.0,0.5051020408163265,0.0,0.0,0.5051020408163265,0.0,0.4195902071305693,0.1639589392328507,0.1136956352536482,2.374124196330012
2026-01-17,46,53.0,-0.1636363636363637,2.090909090909091,2.1468229918229915,-0.0115702479338843,0.6666666666666666,0.635622745228944,-0.0545454545454546,5.75,6.446768707482994,-0.1636363636363637,1.4838709677419355,1.5450674219649552,-0.0017595307917888,46.0,53.0,-0.1636363636363637,0.575,0.6171456393084682,-0.2681818181818182,1.2777777777777777,1.3667293233082705,-0.1171717171717172,34.285714285714285,79,1.3036437246963564,0.1602787456445993,1,0.8,0.8,4.0,0.5362560368285115,1,0,0,0,2.0,0.0,319919.0,0.0,0.0,0.0,0.0,0,0,0,0,382,2674.0,18874,132118.0,0.0,0.5051020408163265,0.0,0.0,0.5051020408163265,0.0,0.3845045892736851,0.158696096554318,0.1291615608590277,2.146570847517665
2026-01-18,42,48.0,-0.4545454545454546,1.75,1.9894155844155843,-0.3863636363636363,0.56,0.5947436243498233,-0.3381818181818181,5.25,5.821768707482994,-0.4545454545454546,1.2352941176470589,1.424240712902952,-0.4064171122994652,10.5,43.5,-0.8636363636363636,0.5316455696202531,0.5748154365046027,-0.3578826237054086,1.105263157894737,1.262719298245614,-0.3971291866028708,36.42857142857143,78,1.1221374045801529,0.1409395973154362,2,0.8,1.3,0.0,0.5,1,0,0,1,0.0,0.0,0.0,0.0,0.0,0.0,0.0,0,0,0,0,382,2674.0,18874,132118.0,0.0,0.5051020408163265,0.0,0.0,1.010204081632653,0.0,0.4461490617418837,0.2689631755878131,0.1616138003590254,5.434910735272551
2026-01-19,43,46.57142857142857,-0.1886792452830188,1.8695652173913044,1.965287538548408,-0.0828547990155864,0.5972222222222222,0.592021217557649,-0.0309224318658281,6.142857142857143,5.942176870748299,0.1590296495956875,1.303030303030303,1.400070438732678,-0.1149228130360207,43.0,42.07142857142857,-0.1886792452830188,0.5657894736842105,0.5806778648527006,0.0782025819265144,1.162162162162162,1.234603270129586,-0.1448240693523713,34.57142857142857,75,1.208835341365462,0.1503496503496503,2,0.8,1.3,1.0,0.4524187090179797,1,0,0,1,0.0,0.0,0.0,0.0,0.0,0.0,0.0,0,0,0,0,382,2674.0,18874,132118.0,0.0,0.5051020408163265,0.0,0.0,1.010204081632653,0.0,0.4144136813841157,0.2642028685341479,0.1907037318210866,3.3617015725605794
2026-01-20,45,45.71428571428572,-0.1176470588235294,1.875,1.9529249011857708,-0.0441176470588234,0.5625,0.5856436665372409,-0.0735294117647058,5.625,5.835034013605442,-0.1176470588235294,1.2857142857142858,1.3629646873412125,-0.1680672268907562,45.0,41.21428571428572,-0.1176470588235294,0.5921052631578947,0.5785296371405632,-0.024767801857585,1.1842105263157894,1.2169630156472262,-0.0944272445820434,36.42857142857143,79,1.2022900763358777,0.1495016611295681,2,0.8,1.3,2.0,0.4093653765389909,1,0,0,1,0.0,0.0,0.0,0.0,0.0,0.0,0.0,0,0,0,0,382,2674.0,18874,132118.0,0.0,0.5051020408163265,0.0,0.0,1.010204081632653,0.0,0.4166511387629165,0.264538487140968,0.2057896723466719,0.6644245696181605
2026-01-21,46,45.0,-0.0980392156862745,1.7037037037037035,1.8927397160005857,-0.1982570806100217,0.5348837209302325,0.5792634188779234,-0.0770633834929321,6.571428571428571,5.964285714285714,0.1596638655462183,1.3142857142857145,1.348338837001076,-0.0722689075630252,46.0,40.5,-0.0980392156862745,0.6301369863013698,0.5828349208979018,0.0502283105022831,1.2105263157894737,1.1981660231660232,-0.0980392156862745,37.142857142857146,85,1.2059925093632955,0.1498371335504886,1,0.5,1.3,3.0,0.3704091103408589,0,0,0,1,1.0,0.0,81.0,0.0,0.0,0.0,0.0,0,0,0,0,382,2674.0,18874,132118.0,0.0,0.5051020408163265,0.0,0.0,0.5051020408163265,0.0,0.4153825265591498,0.1633277871471377,0.206237832292905,0.0195836603475765
2026-01-22,49,45.0,0.0,1.8846153846153848,1.8819704852313548,-0.0384615384615384,0.620253164556962,0.5835336644170418,0.0506329113924048,6.125,5.964285714285714,0.0,1.2894736842105263,1.326667010375689,-0.1052631578947368,16.333333333333332,35.833333333333336,-0.6666666666666667,0.7205882352941176,0.5960325076249002,0.1470588235294117,1.3611111111111112,1.2176104676104678,0.1111111111111111,35.857142857142854,78,1.3294573643410854,0.1627906976744186,1,0.5,1.3,4.0,0.3351600230178196,0,0,0,1,0.0,0.0,0.0,0.0,0.0,0.0,0.0,0,0,0,0,382,2674.0,18874,132118.0,0.0,0.5051020408163265,0.0,0.0,0.5051020408163265,0.0,0.3770945266815562,0.1575845871654987,0.2058959916232477,-0.0149576353462943
2026-01-23,57,46.85714285714285,0.2954545454545454,2.0357142857142856,1.8870725260476813,0.0178571428571427,0.6705882352941176,0.6017305728100287,0.2344919786096255,5.7,5.88061224489796,-0.0931818181818181,1.6285714285714286,1.362891500171607,0.1844155844155843,57.0,37.69047619047619,0.2954545454545454,0.8769230769230769,0.6417412292829889,0.5744755244755246,1.6285714285714286,1.2756603542317826,0.3324675324675323,36.0,84,1.5405405405405406,0.1838709677419354,1,0.5,1.3,5.0,0.3032653298563167,0,0,0,1,1.0,0.0,897.0,0.0,0.0,0.0,0.0,0,0,0,0,382,2674.0,18874,132118.0,0.0,0.5051020408163265,0.0,0.0,0.5051020408163265,0.0,0.3257586806728966,0.1498842102641998,0.2038853160562976,-0.0858430106617261
2026-01-24,57,48.42857142857143,0.2391304347826086,2.28,1.9140855130606684,0.0904347826086955,0.6551724137931034,0.6000885366852339,-0.0172413793103448,8.142857142857142,6.222448979591837,0.4161490683229814,1.5833333333333333,1.3771004095418071,0.0670289855072463,57.0,39.26190476190476,0.2391304347826086,0.8769230769230769,0.6848730974148571,0.5250836120401339,1.5405405405405406,1.3131978917693203,0.2056404230317274,35.857142857142854,86,1.5465116279069768,0.1844660194174757,1,0.5,1.3,6.0,0.2744058180470132,0,0,0,1,1.0,0.0,19233.0,0.0,0.0,0.0,0.0,0,0,0,0,382,2674.0,18874,132118.0,0.0,0.5051020408163265,0.0,0.0,0.5051020408163265,0.0,0.324509005753803,0.1496967590263357,0.202599696409443,-0.0567079954918868
2026-01-25,61,51.142857142857146,0.4523809523809523,2.033333333333333,1.954561703536859,0.1619047619047617,0.7922077922077922,0.6332610784292043,0.4146567717996288,7.625,6.561734693877551,0.4523809523809523,1.564102564102564,1.4240730447497365,0.2661782661782661,20.33333333333333,40.66666666666667,0.9365079365079364,0.8472222222222222,0.7299554763579955,0.5935846560846563,1.564102564102564,1.3787463783704383,0.415140415140415,37.285714285714285,76,1.5932835820895523,0.1888544891640866,1,0.5,1.3,7.0,0.2482926518957047,0,0,0,1,0.0,0.0,0.0,0.0,0.0,0.0,0.0,0,0,0,0,382,2674.0,18874,132118.0,0.0,0.5051020408163265,0.0,0.0,0.5051020408163265,0.0,0.3150422336128641,0.1482767432051949,0.1853587774976404,-0.4487098730852678
2026-01-26,60,53.57142857142857,0.3953488372093023,1.875,1.955338101052387,0.002906976744186,0.759493670886076,0.6564427139526119,0.2717103326464529,7.5,6.755612244897959,0.2209302325581394,1.5,1.4522115728882647,0.1511627906976744,60.0,43.09523809523809,0.3953488372093023,0.8108108108108109,0.7649585245189384,0.433060967944689,1.6216216216216215,1.4443834440075043,0.3953488372093026,37.71428571428572,78,1.5498154981549814,0.1846153846153846,0,0.0,1.3,8.0,0.2246644820586107,0,0,0,0,0.0,0.0,0.0,0.0,0.0,0.0,0.0,0,0,0,0,382,2674.0,18874,132118.0,0.0,0.5051020408163265,0.0,0.0,0.0,0.0,0.3238216580190307,0.0485732487028546,0.1545545460931699,-0.8161516982296634
2026-01-27,76,58.0,0.6888888888888889,2.533333333333333,2.049385720100006,0.3511111111111111,0.8941176470588236,0.7038166635324439,0.5895424836601308,9.5,7.309183673469387,0.6888888888888889,2.0,1.5542523892147952,0.5555555555555554,76.0,47.52380952380952,0.6888888888888889,1.3818181818181818,0.8777746557561222,1.333737373737374,1.9,1.5466390831052483,0.6044444444444446,35.714285714285715,84,2.0700389105058363,0.2324159021406728,0,0.0,1.3,9.0,0.2032848298702995,0,0,0,0,1.0,0.0,28943.0,0.0,0.0,0.0,0.0,0,0,0,0,382,2674.0,18874,132118.0,0.0,0.5051020408163265,0.0,0.0,0.0,0.0,0.2428329769530574,0.0364249465429586,0.1219668974363114,-0.8623075721925166
2026-01-28,65,60.71428571428572,0.4130434782608696,2.096774193548387,2.105538647220675,0.2307152875175315,0.8227848101265823,0.7449453905604938,0.5382498624105672,9.285714285714286,7.696938775510204,0.4130434782608698,1.7105263157894737,1.610858189429618,0.3014874141876429,65.0,50.238095238095234,0.4130434782608696,1.1607142857142858,0.9535714128151104,0.8420031055900623,1.5853658536585369,1.6001875885151144,0.3096500530222694,35.142857142857146,78,1.7984189723320156,0.2083333333333333,0,0.0,1.3,10.0,0.1839397205857211,0,0,0,0,2.0,0.0,259097.0,0.0,0.0,0.0,0.0,0,0,0,0,382,2674.0,18874,132118.0,0.0,0.5051020408163265,0.0,0.0,0.0,0.0,0.2793058735526208,0.0418958810328931,0.1046194822771336,-0.7434858956660558
2026-01-30,59,62.142857142857146,0.2040816326530612,2.36,2.173450735132763,0.2522448979591836,0.7375,0.7616949384809278,0.1890306122448981,7.375,7.875510204081633,0.2040816326530612,1.6388888888888888,1.6607746472408125,0.2709750566893423,59.0,56.333333333333336,2.612244897959184,1.0925925925925926,1.006714892429178,0.5162509448223733,1.5526315789473684,1.6275476553488657,0.1407089151450054,33.57142857142857,79,1.706611570247934,0.2,2,0.7,2.3,0.0,0.7,1,1,0,0,2.0,0.0,38774.0,0.0,0.0,0.0,0.0,0,0,0,0,382,2674.0,18874,132118.0,0.0,0.5051020408163265,0.0,0.0,1.010204081632653,0.0,0.2942436422838356,0.2461773626691059,0.1172755930633632,0.5621918811803921
2026-01-31,55,61.85714285714285,-0.0350877192982456,1.896551724137931,2.153570369193284,-0.0683605565638233,0.6626506024096386,0.7605609909260024,-0.0118368209680826,9.166666666666666,8.370748299319727,0.6081871345029237,1.4473684210526316,1.634888503309556,-0.1112650046168051,55.0,56.04761904761905,-0.0350877192982456,1.0185185185185186,1.0269428126570983,0.1614684860298896,1.4864864864864864,1.6072498064795884,-0.0872451398767188,34.42857142857143,82,1.5524193548387095,0.1851851851851851,2,0.7,2.3,1.0,0.6333861926251716,1,1,0,0,1.0,0.0,2989.0,0.0,0.0,0.0,0.0,0,0,0,0,382,2674.0,18874,132118.0,0.0,0.5051020408163265,0.0,0.0,1.010204081632653,0.0,0.3232819916445983,0.2505331150732203,0.1316540080360804,0.6715110593144367
2026-02-01,54,61.42857142857143,-0.0526315789473684,2.0,2.113570369193284,-0.1228070175438595,0.6666666666666666,0.762203027050797,0.0175438596491228,7.714285714285714,8.309523809523808,-0.0526315789473683,1.542857142857143,1.6291061903843858,-0.025563909774436,54.0,55.61904761904763,-0.0526315789473684,1.148936170212766,1.0658018259841968,0.3101903695408736,1.4210526315789471,1.5901801051993607,-0.0775623268698061,32.714285714285715,80,1.6016949152542372,0.1901408450704225,2,0.7,2.3,2.0,0.5731115271545872,1,1,0,0,0.0,0.0,0.0,0.0,0.0,0.0,0.0,0,0,0,0,382,2674.0,18874,132118.0,0.0,0.5051020408163265,0.0,0.0,1.010204081632653,0.0,0.3133980482507441,0.2490505235641422,0.1458474029700528,0.6637001708255248
2026-02-02,56,60.71428571428572,-0.081967213114754,2.333333333333333,2.1564275120504264,0.1475409836065575,0.8,0.763316199592541,0.0098360655737705,9.333333333333334,8.553571428571429,0.2240437158469945,1.6,1.634234395512591,0.0229508196721313,56.0,60.71428571428572,1.7540983606557377,0.9655172413793104,1.0827011144352094,0.1396269078575467,1.435897435897436,1.5718650868843425,-0.081967213114754,32.285714285714285,69,1.6824034334763949,0.1978798586572438,2,0.7,2.3,3.0,0.5185727544772025,1,1,0,0,5.0,0.0,9962.0,0.0,0.0,0.0,0.0,0,0,0,0,382,2674.0,18874,132118.0,0.0,0.5051020408163265,0.0,0.0,1.010204081632653,0.0,0.2984525030056147,0.2468086917773728,0.159923395623221,0.6645138437915583
2026-02-03,47,58.85714285714285,-0.2166666666666666,1.88,2.157141797764712,0.0026666666666665,0.6351351351351351,0.7455506944852638,-0.1637387387387389,7.833333333333333,8.601190476190476,0.0444444444444445,1.175,1.5878058240840196,-0.2166666666666666,15.666666666666666,54.38095238095237,-0.7388888888888889,0.8545454545454545,1.0889489206830156,0.0539393939393937,1.2702702702702702,1.521672036691292,-0.2166666666666667,33.285714285714285,73,1.3708333333333331,0.1672597864768683,2,0.7,2.3,4.0,0.4692240322249475,1,1,0,0,0.0,0.0,0.0,0.0,0.0,0.0,0.0,0,0,0,0,382,2674.0,18874,132118.0,0.0,0.5051020408163265,0.0,0.0,1.010204081632653,0.0,0.3657950808567241,0.2569100784550392,0.1896857998735332,4.289126943653264
2026-02-04,50,55.142857142857146,-0.3421052631578947,1.851851851851852,2.0597873004102145,-0.2690058479532163,0.6666666666666666,0.7130576972863842,-0.2543859649122808,7.142857142857143,8.264455782312925,-0.2481203007518796,1.351351351351351,1.4951417314199271,-0.3243243243243243,50.0,50.66666666666666,-0.3421052631578947,1.020408163265306,1.037318918032605,-0.261546723952739,1.1904761904761905,1.4203114924736049,-0.3734335839598997,33.0,74,1.4705882352941178,0.1773049645390071,2,0.7,2.3,5.0,0.4245714617988433,1,1,0,0,1.0,0.0,193.0,0.0,0.0,0.0,0.0,0,0,0,0,382,2674.0,18874,132118.0,0.0,0.5051020408163265,0.0,0.0,1.010204081632653,0.0,0.3411495706745153,0.2532132519277079,0.2206555577856402,5.951643748579695
2026-02-05,75,56.57142857142857,0.1538461538461537,2.7777777777777777,2.1570735267287,0.3247863247863247,0.974025974025974,0.7346635778434402,0.1838161838161838,9.375,8.27721088435374,0.0096153846153845,1.9230769230769231,1.5255061038895623,0.1242603550295857,75.0,52.09523809523809,0.1538461538461537,1.5625,1.0947168772162783,0.346153846153846,1.5957446808510638,1.4217941820725375,0.006546644844517,34.285714285714285,76,2.125506072874494,0.2373417721518987,2,0.7,2.3,6.0,0.3841681452658184,1,1,0,0,7.0,0.0,398608.0,0.0,0.0,0.0,0.0,0,0,0,0,382,2674.0,18874,132118.0,0.0,0.5051020408163265,0.0,0.0,1.010204081632653,0.0,0.2365256869236784,0.2375196693650823,0.2486018132616672,4.669284509820951
2026-02-06,64,57.285714285714285,0.0847457627118644,2.206896551724138,2.1352016055464333,-0.0648743424897719,0.8311688311688312,0.7480448394389876,0.1270085846357032,7.111111111111111,8.23951247165533,-0.0357815442561205,1.6842105263157894,1.5319806235219768,0.0276538804638715,64.0,52.8095238095238,0.0847457627118644,1.3061224489795915,1.1252211424144212,0.195434105845728,1.4545454545454546,1.40778187858655,-0.0631741140215715,34.285714285714285,76,1.8137651821862348,0.2098360655737705,2,0.7,2.3,7.0,0.3476097126539866,1,1,0,0,3.0,0.0,236635.0,0.0,0.0,0.0,0.0,0,0,0,0,382,2674.0,18874,132118.0,0.0,0.5051020408163265,0.0,0.0,1.010204081632653,0.0,0.2769556331867441,0.2435841613045422,0.2482313559238724,-0.0105338741809875
2026-02-07,79,60.71428571428572,0.4363636363636363,2.46875,2.2169442163838715,0.3017045454545455,1.0394736842105263,0.8018767082676858,0.5686602870813398,9.875,8.340702947845804,0.0772727272727273,2.135135135135135,1.6302330112480488,0.4751842751842752,79.0,56.238095238095234,0.4363636363636363,1.6122448979591837,1.2100391966202302,0.5829313543599257,2.0789473684210527,1.492419147434345,0.3985645933014354,33.42857142857143,75,2.2946058091286305,0.2515923566878981,0,0.0,2.3,8.0,0.3145302748820551,0,0,0,0,0.0,0.0,0.0,0.0,0.0,0.0,0.0,0,0,0,0,382,2674.0,18874,132118.0,0.0,0.5051020408163265,0.0,0.0,0.0,0.0,0.2191706880263853,0.0328756032039578,0.2171374256568349,-0.8687774141380487
2026-02-08,69,62.85714285714285,0.2777777777777777,2.6538461538461537,2.3103508097904646,0.3269230769230768,0.9857142857142858,0.8474549395602027,0.4785714285714286,7.666666666666667,8.33390022675737,-0.0061728395061728,1.8157894736842104,1.6692233442233442,0.1769005847953215,69.0,58.38095238095237,0.2777777777777777,1.30188679245283,1.231889285511668,0.1331236897274632,1.9714285714285715,1.5710442816985772,0.3873015873015875,32.142857142857146,69,2.081896551724138,0.2338983050847457,0,0.0,2.3,9.0,0.2845987618184193,0,0,0,0,3.0,0.0,34091.0,2.0,2.0,0.0,0.0,0,0,0,0,382,2674.0,18874,132118.0,0.0,0.5051020408163265,0.0,0.0,0.0,0.0,0.2414565100745647,0.0362184765111847,0.1867328475064124,-0.8545737788748042
2026-02-09,68,64.57142857142857,0.2142857142857142,2.5185185185185186,2.3368058362454915,0.0793650793650793,0.9066666666666666,0.862693034798298,0.1333333333333333,8.5,8.21485260770975,-0.0892857142857143,1.7435897435897436,1.6897361647361646,0.0897435897435896,22.666666666666668,53.61904761904761,-0.5952380952380952,1.2830188679245282,1.277246660732413,0.3288409703504042,1.8888888888888888,1.6357573464116415,0.3154761904761904,33.42857142857143,74,1.975103734439834,0.2244224422442244,0,0.0,2.3,10.0,0.2575156088200096,0,0,0,0,1.0,0.0,17885.0,0.0,0.0,0.0,0.0,0,0,0,0,382,2674.0,18874,132118.0,0.0,0.5051020408163265,0.0,0.0,0.0,0.0,0.2544461692622117,0.0381669253893317,0.1569268808795494,-0.8453582606249572
2026-02-10,62,66.71428571428571,0.3191489361702126,1.8235294117647056,2.3287386093547355,-0.030037546933667,0.7948717948717948,0.8855125576178208,0.2515002727768685,6.888888888888889,8.079931972789115,-0.1205673758865247,1.5121951219512195,1.7379068964434818,0.2869745718733782,62.0,60.23809523809524,2.9574468085106385,1.1071428571428572,1.3133320039606138,0.2955927051671734,1.7222222222222223,1.7003219109762064,0.355791962174941,35.42857142857143,77,1.7019607843137254,0.1993569131832797,0,0.0,2.3,11.0,0.2330097585886556,0,0,0,0,2.0,0.0,1195.0,0.0,0.0,0.0,0.0,0,0,0,0,382,2674.0,18874,132118.0,0.0,0.5051020408163265,0.0,0.0,0.0,0.0,0.295042997155339,0.0442564495733008,0.126547791039301,-0.827735642605216
2026-02-11,65,68.85714285714286,0.3,2.096774193548387,2.363727515311383,0.1322580645161288,0.8024691358024691,0.9049129103515068,0.2037037037037037,9.285714285714286,8.386054421768709,0.3,1.6666666666666667,1.7829519414885269,0.2333333333333334,65.0,62.38095238095239,0.3,1.4444444444444444,1.3739086155576337,0.4155555555555554,1.805555555555556,1.78819039170183,0.5166666666666666,33.285714285714285,80,1.8958333333333333,0.217391304347826,0,0.0,2.3,12.0,0.2108359483385414,0,0,0,0,5.0,0.0,51838.0,0.0,0.0,0.0,0.0,0,0,0,0,382,2674.0,18874,132118.0,0.0,0.5051020408163265,0.0,0.0,0.0,0.0,0.2650294923391306,0.0397544238508695,0.0960536727426098,-0.8430002239289616
2026-02-12,81,69.71428571428571,0.08,2.6129032258064515,2.340174007886908,-0.0593548387096773,0.9418604651162792,0.9003178376501219,-0.0330232558139534,10.125,8.493197278911564,0.08,2.076923076923077,1.804929963466549,0.08,81.0,63.23809523809524,0.08,1.7234042553191489,1.3968949377460835,0.1029787234042551,2.3142857142857145,1.8908391107639229,0.4502857142857144,34.285714285714285,85,2.2955465587044537,0.2515527950310559,0,0.0,2.3,13.0,0.1907722551238088,0,0,0,0,0.0,0.0,0.0,0.0,0.0,0.0,0.0,0,0,0,0,382,2674.0,18874,132118.0,0.0,0.5051020408163265,0.0,0.0,0.0,0.0,0.219081258155184,0.0328621887232776,0.0668168897937806,-0.8616443479770663
2026-02-13,83,72.42857142857143,0.296875,2.7666666666666666,2.420141167164412,0.2536458333333333,0.912087912087912,0.9118777063528476,0.0973557692307691,9.22222222222222,8.794784580498867,0.296875,2.305555555555556,1.8936935390722296,0.3689236111111111,83.0,65.95238095238095,0.296875,1.8444444444444448,1.473798079955348,0.412152777777778,2.024390243902439,1.972245509243492,0.3917682926829269,35.142857142857146,90,2.296442687747035,0.2515151515151515,1,0.6,2.9,0.0,0.6,0,1,0,0,1.0,0.0,3283.0,0.0,0.0,0.0,0.0,0,0,0,0,382,2674.0,18874,132118.0,0.0,0.5051020408163265,0.0,0.0,0.5051020408163265,0.0,0.2189961378618591,0.1338698288425441,0.0511434137277809,-0.450416529032145
2026-02-14,82,72.85714285714286,0.0379746835443037,2.5625,2.4335340243072685,0.0379746835443037,0.9318181818181818,0.8964983488682271,-0.1035673187571922,10.25,8.848356009070296,0.0379746835443037,1.9523809523809523,1.8675857986787752,-0.0855937311633514,82.0,66.38095238095238,0.0379746835443037,1.8636363636363635,1.5097111464806596,0.1559263521288836,2.05,1.9681101708976276,-0.0139240506329114,35.42857142857143,87,2.2509803921568627,0.2477341389728096,1,0.6,2.9,1.0,0.5429024508215757,0,1,0,0,3.0,0.0,25757.0,0.0,0.0,0.0,0.0,0,0,0,0,382,2674.0,18874,132118.0,0.0,0.5051020408163265,0.0,0.0,0.5051020408163265,0.0,0.2233995670942039,0.1345303432273958,0.0656655194454149,3.09210265718258
2026-02-15,75,73.71428571428571,0.0869565217391303,2.5,2.4115560023292466,-0.0579710144927535,0.9146341463414634,0.8863440432435381,-0.0721102863202545,10.714285714285714,9.28373015873016,0.3975155279503104,1.829268292682927,1.86951134425002,0.0074231177094379,75.0,67.23809523809524,0.0869565217391303,1.530612244897959,1.542386211115678,0.1756876663708961,1.9230769230769231,1.9612027925616773,-0.0245261984392419,34.57142857142857,81,2.108433734939759,0.2358490566037736,1,0.6,2.9,2.0,0.491238451846789,0,1,0,0,5.0,0.0,171848.0,0.0,0.0,0.0,0.0,0,0,0,0,382,2674.0,18874,132118.0,0.0,0.5051020408163265,0.0,0.0,0.5051020408163265,0.0,0.2384318340883529,0.1367851832765182,0.0800321918404625,2.776668608197181
2026-02-16,78,75.14285714285714,0.1470588235294117,2.363636363636364,2.389429980203225,-0.0614973262032085,1.0985915492957747,0.9137618836191248,0.2116818558409281,9.75,9.462301587301589,0.1470588235294117,1.813953488372093,1.879563307790356,0.0403556771545827,78.0,75.14285714285714,2.441176470588235,1.56,1.5819549442693168,0.2158823529411766,1.8571428571428568,1.9566676451693876,-0.0168067226890755,34.42857142857143,70,2.2016129032258065,0.24375,1,0.6,2.9,3.0,0.4444909324090307,0,1,0,0,4.0,0.0,104621.0,0.0,0.0,0.0,0.0,0,0,0,0,382,2674.0,18874,132118.0,0.0,0.5051020408163265,0.0,0.0,0.5051020408163265,0.0,0.2283862786654918,0.135278349963089,0.0939052524938564,2.544386889516164
2026-02-17,68,76.0,0.096774193548387,2.5185185185185186,2.4887141383109124,0.3811230585424134,0.9066666666666666,0.929732579589821,0.1406451612903225,9.714285714285714,9.86592970521542,0.4101382488479261,1.7894736842105263,1.9191745309702568,0.1833616298811544,68.0,76.0,0.096774193548387,1.2592592592592593,1.6036858588573744,0.1373954599761051,1.6585365853658536,1.9475696970470489,-0.0369787568843431,33.714285714285715,74,1.9588477366255144,0.2229508196721311,1,0.6,2.9,4.0,0.4021920276213835,0,1,0,0,5.0,0.0,135106.0,0.0,0.0,0.0,0.0,0,0,0,0,382,2674.0,18874,132118.0,0.0,0.5051020408163265,0.0,0.0,0.5051020408163265,0.0,0.2565470307429871,0.1395024627747133,0.1075118258083439,2.1521385949331275
2026-02-18,63,75.71428571428571,-0.0307692307692307,1.75,2.439174967804,-0.1653846153846153,0.875,0.9400941316180396,0.0903846153846152,7.875,9.66439909297052,-0.1519230769230769,1.5365853658536586,1.9005914879969696,-0.0780487804878049,63.0,75.71428571428571,-0.0307692307692307,1.5,1.6116223667938825,0.0384615384615385,1.6578947368421053,1.926475294373699,-0.0817813765182186,33.0,71,1.8529411764705883,0.2135593220338983,1,0.6,2.9,5.0,0.36391839582758,0,1,0,0,0.0,0.0,0.0,0.0,0.0,0.0,0.0,0,0,0,0,382,2674.0,18874,132118.0,0.0,0.5051020408163265,0.0,0.0,0.5051020408163265,0.0,0.271131502806364,0.1416901335842199,0.1220740700559654,2.564135003332982
2026-02-19,68,73.85714285714286,-0.1604938271604938,2.060606060606061,2.360275372775373,-0.2113729891507669,0.8831168831168831,0.9317021913324116,-0.0623697290363957,8.5,9.432256235827664,-0.1604938271604938,1.619047619047619,1.835180708300476,-0.2204585537918871,68.0,73.85714285714286,-0.1604938271604938,1.5813953488372092,1.591335380153605,-0.0824002296870514,1.7,1.8387201923328824,-0.2654320987654321,33.857142857142854,76,1.950819672131148,0.2222222222222222,1,0.6,2.9,6.0,0.3292869816564158,0,1,0,0,1.0,0.0,57466.0,0.0,0.0,0.0,0.0,0,0,0,0,382,2674.0,18874,132118.0,0.0,0.5051020408163265,0.0,0.0,0.5051020408163265,0.0,0.2575973956173891,0.1396600175058736,0.1373309027391934,3.249869620125056
2026-02-20,63,71.0,-0.2409638554216867,2.032258064516129,2.255359858182439,-0.2654488923435678,0.8873239436619719,0.9281644815572774,-0.0271508569489223,7.0,9.114795918367346,-0.2409638554216866,1.7027027027027026,1.7490588721786398,-0.2614783458156952,63.0,71.0,-0.2409638554216867,1.3404255319148937,1.5193326783636691,-0.2732632658292745,1.4,1.7495215860611055,-0.3084337349397591,33.42857142857143,70,1.829875518672199,0.2114093959731543,1,0.6,2.9,7.0,0.2979511822748457,0,1,0,0,3.0,0.0,59390.0,0.0,0.0,0.0,0.0,0,0,0,0,382,2674.0,18874,132118.0,0.0,0.5051020408163265,0.0,0.0,0.5051020408163265,0.0,0.2745305514912489,0.1421999908869526,0.1385209258883946,0.0622258362203949
2026-02-21,65,68.57142857142857,-0.2073170731707316,1.9696969696969695,2.1706737109962915,-0.2313377679231337,0.8783783783783784,0.9205302239230198,-0.057350032959789,8.125,8.811224489795917,-0.2073170731707316,1.805555555555556,1.7280838154892977,-0.0752032520325203,65.0,68.57142857142857,-0.2073170731707316,1.4130434782608696,1.45496226616717,-0.241781548250265,1.5476190476190477,1.6777528785781126,-0.2450638792102205,33.285714285714285,73,1.8958333333333333,0.217391304347826,1,0.75,3.65,0.0,0.75,1,0,0,0,7.0,0.0,111866.0,0.0,0.0,0.0,0.0,0,0,0,0,382,2674.0,18874,132118.0,0.0,0.5051020408163265,0.0,0.0,0.5051020408163265,0.0,0.2650294923391306,0.1407748320141348,0.1394129957150716,0.0464169542493768
2026-02-22,61,66.57142857142857,-0.1866666666666666,2.1785714285714284,2.1247553436493525,-0.1285714285714286,0.8356164383561644,0.90924197992512,-0.0863926940639269,7.625,8.369897959183673,-0.2883333333333333,1.648648648648649,1.7022810091986862,-0.0987387387387387,61.0,66.57142857142857,-0.1866666666666666,1.4186046511627908,1.4389611813478602,-0.0731782945736433,1.4186046511627908,1.605685411161808,-0.2623255813953488,32.285714285714285,72,1.832618025751073,0.2118055555555555,1,0.75,3.65,1.0,0.6786280635269697,1,0,0,0,7.0,0.0,95173.0,0.0,0.0,0.0,0.0,0,0,0,0,382,2674.0,18874,132118.0,0.0,0.5051020408163265,0.0,0.0,0.5051020408163265,0.0,0.2741219470109335,0.1421387002149053,0.140177783849127,0.0391381347756407
2026-02-23,62,64.28571428571429,-0.2051282051282051,2.48,2.141378720272729,0.0492307692307691,0.8985507246376812,0.8806647192596779,-0.1820884429580083,5.636363636363637,7.782235621521336,-0.4219114219114218,1.7714285714285714,1.6962060210638974,-0.0234432234432234,62.0,64.28571428571429,-0.2051282051282051,1.3777777777777778,1.4129294353161144,-0.1168091168091168,1.7714285714285714,1.593440513202624,-0.0461538461538462,30.571428571428573,68,1.9638009049773757,0.223826714801444,1,0.75,3.65,2.0,0.6140480648084864,1,0,0,0,3.0,0.0,43802.0,0.0,0.0,0.0,0.0,0,0,0,0,382,2674.0,18874,132118.0,0.0,0.5051020408163265,0.0,0.0,0.5051020408163265,0.0,0.2559032370198027,0.1394058937162357,0.1407674329567193,0.0305114880117391
2026-02-24,60,63.142857142857146,-0.1176470588235294,2.2222222222222223,2.099050677944687,-0.1176470588235294,0.821917808219178,0.8685577394814652,-0.0934730056406124,6.666666666666667,7.346861471861472,-0.3137254901960783,1.6666666666666667,1.6786621614147743,-0.0686274509803921,60.0,63.142857142857146,-0.1176470588235294,1.2,1.404463826850506,-0.0470588235294118,1.4634146341463414,1.5655659487426938,-0.1176470588235294,32.857142857142854,72,1.7721518987341771,0.2061855670103092,1,0.75,3.65,3.0,0.5556136655112884,1,0,0,0,3.0,0.0,171413.0,0.0,0.0,0.0,0.0,0,0,0,0,382,2674.0,18874,132118.0,0.0,0.5051020408163265,0.0,0.0,0.5051020408163265,0.0,0.2834225529120661,0.1435337911000752,0.1413433370031996,0.0288979007623124
2026-02-25,56,62.142857142857146,-0.1111111111111111,1.8064516129032255,2.10711519407372,0.032258064516129,0.7777777777777778,0.8546688505925764,-0.111111111111111,7.0,7.221861471861472,-0.1111111111111111,1.696969696969697,1.7015742087170658,0.1043771043771044,18.666666666666668,56.8095238095238,-0.7037037037037037,1.435897435897436,1.3953063176929967,-0.0427350427350426,1.5555555555555556,1.550946065701758,-0.0617283950617284,30.714285714285715,71,1.7657657657657655,0.2058823529411764,1,0.75,3.65,4.0,0.5027400345267294,1,0,0,0,6.0,0.0,122283.0,0.0,0.0,0.0,0.0,0,0,0,0,382,2674.0,18874,132118.0,0.0,0.5051020408163265,0.0,0.0,0.5051020408163265,0.0,0.2844418169073727,0.1436866806993712,0.1416285580196498,0.0140909396063528
2026-02-26,60,61.0,-0.1176470588235294,1.818181818181818,2.072483159441685,-0.1176470588235294,0.8823529411764706,0.8545597160296603,-0.0008650519031141,6.0,6.864718614718615,-0.2941176470588235,1.5,1.6845674059959774,-0.0735294117647058,60.0,55.66666666666666,-0.1176470588235294,1.5789473684210529,1.3949566062049743,-0.0015479876160989,1.3953488372093024,1.5074244710173728,-0.1792065663474692,32.285714285714285,67,1.8025751072961371,0.2090592334494773,1,0.75,3.65,5.0,0.454897994784475,1,0,0,0,2.0,0.0,52429.0,0.0,0.0,0.0,0.0,0,0,0,0,382,2674.0,18874,132118.0,0.0,0.5051020408163265,0.0,0.0,0.5051020408163265,0.0,0.2786654405564465,0.1428202242467322,0.1420800161254867,0.0226278558265662
2026-02-26,60,60.57142857142857,-0.0476190476190476,2.0689655172413794,2.0777270812595776,0.0180623973727422,0.9230769230769232,0.8596672845175105,0.0402930402930403,6.666666666666667,6.817099567099567,-0.0476190476190475,1.6666666666666667,1.6794194008479724,-0.021164021164021,60.0,55.238095238095234,-0.0476190476190476,1.5,1.4177529587885611,0.119047619047619,1.4285714285714286,1.511506103670434,0.0204081632653061,30.714285714285715,64,1.891891891891892,0.217391304347826,1,0.75,3.65,6.0,0.4116087270705197,1,0,0,0,2.0,0.0,184993.0,0.0,0.0,0.0,0.0,0,0,0,0,382,2674.0,18874,132118.0,0.0,0.5051020408163265,0.0,0.0,0.5051020408163265,0.0,0.2655787339804473,0.1408572182603324,0.1418881914645409,-0.0094428460806844
2026-02-26,61,60.0,-0.0615384615384615,2.103448275862069,2.0968344107117347,0.0679045092838195,0.9384615384615383,0.8682505931008191,0.0684023668639053,8.714285714285714,6.901283240568955,0.0725274725274724,1.7428571428571429,1.670462484748199,-0.0347252747252747,61.0,54.66666666666666,-0.0615384615384615,1.525,1.433746747608437,0.0792307692307692,1.4523809523809523,1.4979006614935633,-0.0615384615384616,30.285714285714285,64,1.949771689497717,0.2226277372262773,1,0.75,3.65,7.0,0.3724389778435571,1,0,0,0,6.0,0.0,140669.0,0.0,0.0,0.0,0.0,0,0,0,0,382,2674.0,18874,132118.0,0.0,0.5051020408163265,0.0,0.0,0.5051020408163265,0.0,0.2577351451310037,0.1396806799329158,0.1417318840243668,-0.0077723557937483
2026-02-26,59,59.71428571428572,-0.0327868852459016,2.107142857142857,2.0866303290790817,-0.0327868852459015,0.9365079365079364,0.8826636642653579,0.1207390059849076,5.363636363636363,6.578231292517008,-0.2965722801788376,1.5945945945945943,1.6627404770261915,-0.0327868852459016,59.0,54.38095238095237,-0.0327868852459016,1.3409090909090908,1.4226473818579082,-0.054769001490313,1.5945945945945943,1.5230420819838209,0.1240584847142223,30.571428571428573,62,1.8687782805429864,0.2153284671532846,0,0.0,3.65,8.0,0.3369967230879162,0,0,0,0,7.0,0.0,608487.0,0.0,0.0,0.0,0.0,0,0,0,0,382,2674.0,18874,132118.0,0.0,0.5051020408163265,0.0,0.0,0.0,0.0,0.2688460080932736,0.040326901213991,0.1271873413099505,-0.7162848601188898
2026-02-27,55,58.71428571428572,-0.1129032258064516,2.1153846153846154,2.0345424169911697,-0.1470223325062034,0.859375,0.8770671321742606,-0.0435987903225806,9.166666666666666,7.082560296846011,0.6263440860215053,1.5714285714285714,1.6341690484547626,-0.1129032258064516,55.0,53.38095238095237,-0.1129032258064516,1.25,1.4043934136039398,-0.092741935483871,1.6176470588235294,1.501073294468815,-0.0868121442125237,29.0,63,1.8333333333333333,0.2123552123552123,1,0.4,4.05,0.0,0.4,0,0,0,1,3.0,0.0,3817.0,0.0,0.0,0.0,0.0,0,0,0,0,382,2674.0,18874,132118.0,0.0,0.5051020408163265,0.0,0.0,0.5051020408163265,0.0,0.2740155736797431,0.1421227442152267,0.1275754628098064,0.0194887778885537
2026-02-28,53,57.71428571428572,-0.1166666666666667,2.0384615384615383,2.0082908907396435,-0.0826923076923078,0.8548387096774194,0.8817701180968667,0.0400537634408602,5.3,6.887322201607915,-0.205,1.394736842105263,1.5953219306602766,-0.1631578947368421,53.0,52.38095238095237,-0.1166666666666667,1.127659574468085,1.3940590670993809,-0.0602836879432624,1.4324324324324325,1.4966472656525422,-0.0211711711711711,30.571428571428573,61,1.678733031674208,0.1977611940298507,1,0.4,4.05,1.0,0.3619349672143838,0,0,0,1,2.0,0.0,75403.0,0.0,0.0,0.0,0.0,0,0,0,0,382,2674.0,18874,132118.0,0.0,0.5051020408163265,0.0,0.0,0.5051020408163265,0.0,0.2991011790155895,0.1458855850156037,0.1279114333691676,0.0163849494777768
2026-03-01,55,57.57142857142857,-0.0178571428571429,2.037037037037037,2.041231665615902,0.1276455026455027,0.8333333333333334,0.8897066260333745,0.0714285714285714,7.857142857142857,7.009771181199753,0.1224489795918366,1.5277777777777777,1.5711516564900023,-0.099702380952381,55.0,57.57142857142857,1.9464285714285712,1.3095238095238095,1.3760056919031485,-0.0880102040816326,1.4473684210526316,1.4811919607235529,-0.0695488721804511,30.0,65,1.7741935483870968,0.206766917293233,1,0.4,4.05,2.0,0.3274923012311928,0,0,0,1,2.0,0.0,15354.0,0.0,0.0,0.0,0.0,0,0,0,0,382,2674.0,18874,132118.0,0.0,0.5051020408163265,0.0,0.0,0.5051020408163265,0.0,0.2830982329652164,0.1434851431080477,0.1278826422846928,-0.0014026184636078
2026-03-02,53,56.57142857142857,-0.1166666666666667,1.7666666666666666,2.0338723582565947,-0.0283333333333333,0.8548387096774194,0.8857760215335101,-0.0311827956989246,5.888888888888889,6.993898165326736,-0.0185185185185184,1.606060606060606,1.5863031716415177,0.0707070707070707,53.0,56.57142857142857,-0.1166666666666667,1.325,1.3397274964144263,-0.1608333333333333,1.2926829268292683,1.4665254020978338,-0.0735772357723577,29.857142857142858,61,1.7175925925925926,0.2015209125475285,1,0.4,4.05,3.0,0.2963272882726872,0,0,0,1,1.0,0.0,26435.0,0.0,0.0,0.0,0.0,0,0,0,0,382,2674.0,18874,132118.0,0.0,0.5051020408163265,0.0,0.0,0.5051020408163265,0.0,0.2923733541009929,0.1448764112784142,0.1281763832892188,0.0143970298501265
2026-03-03,53,55.57142857142857,-0.1166666666666667,1.7666666666666666,1.9906868081744928,-0.1461111111111112,0.7681159420289855,0.8636387385266618,-0.1678743961352657,5.888888888888889,6.882787054215625,-0.1166666666666667,1.358974358974359,1.5423471276854734,-0.1846153846153846,53.0,55.57142857142857,-0.1166666666666667,1.4324324324324325,1.3300749867619168,-0.045045045045045,1.5142857142857142,1.4787703000570176,0.0599999999999998,30.428571428571427,68,1.6863636363636365,0.198501872659176,1,0.4,4.05,4.0,0.2681280184142557,0,0,0,1,3.0,0.0,72800.0,0.0,0.0,0.0,0.0,0,0,0,0,382,2674.0,18874,132118.0,0.0,0.5051020408163265,0.0,0.0,0.5051020408163265,0.0,0.2977557582518537,0.1456837719010433,0.1288658909521775,0.0342655754552139
2026-03-04,53,54.42857142857143,-0.1311475409836066,1.827586206896552,1.9512779411794188,-0.1311475409836064,0.7464788732394366,0.8362126434949329,-0.2045716924497806,6.625,6.584317666460524,-0.2397540983606556,1.4324324324324325,1.4980007404819435,-0.1781125387682764,53.0,54.42857142857143,-0.1311475409836066,1.4324324324324325,1.3168510485379787,-0.0607000443066015,1.5142857142857142,1.4876138374719834,0.042622950819672,30.142857142857142,70,1.7018348623853212,0.2,1,0.4,4.05,5.0,0.2426122638850534,0,0,0,1,0.0,0.0,0.0,0.0,0.0,0.0,0.0,0,0,0,0,382,2674.0,18874,132118.0,0.0,0.5051020408163265,0.0,0.0,0.5051020408163265,0.0,0.2950647004072007,0.1452801132243454,0.1296658099938103,0.0400873857008627
2026-03-05,58,54.285714285714285,-0.0169491525423728,2.0,1.93597181873044,-0.0508474576271186,0.8169014084507042,0.819125996629614,-0.1277154452136547,7.25,6.853798185941043,0.3516949152542374,1.5675675675675675,1.4941397366209397,-0.0169491525423728,58.0,54.285714285714285,-0.0169491525423728,1.3488372093023255,1.3179836368798694,0.0059124950729207,1.6571428571428573,1.4965493035503068,0.0392251815980631,31.0,70,1.8125,0.2101449275362318,1,0.4,4.05,6.0,0.2195246544376105,0,0,0,1,1.0,0.0,127.0,0.0,0.0,0.0,0.0,0,0,0,0,382,2674.0,18874,132118.0,0.0,0.5051020408163265,0.0,0.0,0.5051020408163265,0.0,0.2771478961955152,0.1425925925925925,0.1442751944764677,2.535917422366224
2026-03-06,56,54.42857142857143,0.018181818181818,2.0,1.9194883022469231,-0.0545454545454545,0.918032786885246,0.8275056804703634,0.0682563338301043,8.0,6.687131519274376,-0.1272727272727272,1.5555555555555556,1.4918721629247944,-0.01010101010101,56.0,54.42857142857143,0.018181818181818,1.3658536585365857,1.334534159527953,0.0926829268292683,1.6,1.4940282951469457,-0.0109090909090908,28.857142857142858,60,1.875598086124402,0.2162162162162162,1,0.4,4.05,7.0,0.1986341215165638,0,0,0,1,1.0,0.0,1316.0,1.0,1.0,0.0,0.0,0,0,0,0,382,2674.0,18874,132118.0,0.0,0.5051020408163265,0.0,0.0,0.5051020408163265,0.0,0.2678736494978614,0.1412014555879445,0.1441435818154273,-0.0064823447673306
2026-03-07,57,55.0,0.0754716981132075,1.9655172413793105,1.9090676883780329,-0.0357839947950552,0.9047619047619048,0.8346375654824328,0.0584007187780772,7.125,6.947845804988662,0.3443396226415094,1.5,1.5069097569097567,0.0754716981132075,57.0,55.0,0.0754716981132075,1.3255813953488371,1.3628087053680604,0.1755155770074594,1.425,1.4929665190851698,-0.0051886792452829,30.714285714285715,62,1.7972972972972971,0.2087912087912088,0,0.0,4.05,8.0,0.1797315856468886,0,0,0,0,1.0,0.0,1298.0,0.0,0.0,0.0,0.0,0,0,0,0,382,2674.0,18874,132118.0,0.0,0.5051020408163265,0.0,0.0,0.0,0.0,0.279479221028923,0.0419218831543384,0.1292916244066751,-0.7126386191627189
2026-03-08,58,55.42857142857143,0.0545454545454544,2.071428571428572,1.9139807647196807,0.0168831168831169,0.8923076923076924,0.8430624739073413,0.0707692307692307,7.25,6.861111111111112,-0.0772727272727272,1.6111111111111112,1.5188145188145188,0.0545454545454546,58.0,55.42857142857143,0.0545454545454544,1.4871794871794872,1.3881880878903,0.1356643356643356,1.5675675675675675,1.5101378257301603,0.0830466830466829,29.571428571428573,64,1.8971962616822429,0.2180451127819548,0,0.0,4.05,9.0,0.1626278638962396,0,0,0,0,0.0,0.0,0.0,0.0,0.0,0.0,0.0,0,0,0,0,382,2674.0,18874,132118.0,0.0,0.5051020408163265,0.0,0.0,0.0,0.0,0.2648400958854655,0.0397260143828198,0.1144688917316426,-0.7231349983537656
2026-03-09,64,57.0,0.2075471698113207,2.1333333333333333,1.9663617171006336,0.2075471698113207,0.927536231884058,0.8534478342225753,0.0850423844681433,8.0,7.162698412698413,0.3584905660377357,1.641025641025641,1.523809523809524,0.0217706821480405,64.0,57.0,0.2075471698113207,1.6842105263157894,1.4395038773639843,0.2711022840119166,1.6,1.5540402647545506,0.2377358490566037,31.142857142857142,68,1.9911111111111115,0.2261484098939929,0,0.0,4.05,10.0,0.1471517764685769,0,0,0,0,1.0,0.0,69.0,0.0,0.0,0.0,0.0,0,0,0,0,382,2674.0,18874,132118.0,0.0,0.5051020408163265,0.0,0.0,0.0,0.0,0.2524107921902797,0.0378616188285419,0.0991810642388037,-0.7386626401465597
2026-03-10,60,58.0,0.1320754716981131,1.818181818181818,1.9737210244599408,0.0291595197255574,0.7792207792207793,0.8550342395356887,0.0144572408723353,7.5,7.392857142857143,0.2735849056603772,1.5,1.543956043956044,0.1037735849056602,60.0,58.0,0.1320754716981131,1.4634146341463414,1.4439299061802569,0.0216290842153703,1.5,1.55199944842802,-0.0094339622641509,33.285714285714285,76,1.75,0.2040816326530612,0,0.0,4.05,11.0,0.1331484334792318,0,0,0,0,6.0,0.0,1106949.0,0.0,0.0,0.0,0.0,0,0,0,0,382,2674.0,18874,132118.0,0.0,0.5051020408163265,0.0,0.0,0.0,0.0,0.2869897959183673,0.0430484693877551,0.0845188781654768,-0.7045074490726665
2026-03-11,69,60.285714285714285,0.3018867924528301,2.4642857142857144,2.0646780969441068,0.3483827493261455,1.078125,0.9024122576443406,0.4442806603773586,7.666666666666667,7.541666666666666,0.1572327044025157,1.6829268292682926,1.579740957789738,0.174873446847676,69.0,60.285714285714285,0.3018867924528301,1.6829268292682926,1.4797148200139514,0.174873446847676,2.0294117647058822,1.6255888842023296,0.3401775804661486,30.142857142857142,63,2.215596330275229,0.2455516014234875,0,0.0,4.05,12.0,0.1204776847648808,0,0,0,0,2.0,0.0,1778.0,0.0,0.0,0.0,0.0,0,0,0,0,382,2674.0,18874,132118.0,0.0,0.5051020408163265,0.0,0.0,0.0,0.0,0.2269513271321142,0.0340426990698171,0.0686278190005442,-0.7656754368215043
2026-03-12,68,61.71428571428572,0.1724137931034481,2.833333333333333,2.183725715991726,0.4166666666666667,1.1333333333333333,0.9476168183418592,0.3873563218390803,7.555555555555555,7.58531746031746,0.0421455938697317,2.4285714285714284,1.7027415093617184,0.5492610837438423,68.0,61.71428571428572,0.1724137931034481,1.7894736842105263,1.5426628878579798,0.3266787658802179,1.837837837837838,1.651402452873041,0.1090400745573159,27.142857142857142,59,2.416243654822335,0.2625482625482625,0,0.0,4.05,13.0,0.109012717213605,0,0,0,0,1.0,0.0,9538.0,0.0,0.0,0.0,0.0,0,0,0,0,382,2674.0,18874,132118.0,0.0,0.5051020408163265,0.0,0.0,0.0,0.0,0.2081827354035113,0.0312274103105267,0.0527185072459633,-0.7810025770430595
2026-03-13,59,62.142857142857146,0.0535714285714286,2.269230769230769,2.222187254453264,0.1346153846153845,0.9365079365079364,0.950256125430815,0.020124716553288,7.375,7.496031746031746,-0.078125,2.107142857142857,1.7815396953027616,0.3545918367346938,59.0,62.142857142857146,0.0535714285714286,1.475,1.5582552223527537,0.0799107142857142,1.6857142857142855,1.6636473508322247,0.0535714285714286,27.714285714285715,62,2.054726368159204,0.2322834645669291,0,0.0,4.05,14.0,0.0986387855766425,0,0,0,0,4.0,0.0,182797.0,0.0,0.0,0.0,0.0,0,0,0,0,382,2674.0,18874,132118.0,0.0,0.5051020408163265,0.0,0.0,0.0,0.0,0.2446338888317911,0.0366950833247686,0.0377890254940811,-0.7401224854802303
2026-03-14,55,61.85714285714285,-0.0350877192982456,2.1153846153846154,2.2435968793111654,0.0762483130904183,0.8333333333333334,0.940052043798162,-0.0789473684210525,7.857142857142857,7.600623582766439,0.1027568922305763,1.71875,1.8127896953027616,0.1458333333333332,55.0,61.85714285714285,-0.0350877192982456,1.4102564102564104,1.5703516530538353,0.0638776428250114,1.6666666666666667,1.6981711603560343,0.1695906432748537,28.142857142857142,65,1.8872549019607845,0.217391304347826,0,0.0,4.05,15.0,0.0892520640593719,0,0,0,0,1.0,0.0,178.0,0.0,0.0,0.0,0.0,0,0,0,0,382,2674.0,18874,132118.0,0.0,0.5051020408163265,0.0,0.0,0.0,0.0,0.2662278222574685,0.0399341733386202,0.0375050669489785,-0.0474146118007218
2026-03-15,63,62.57142857142857,0.0862068965517242,2.1724137931034484,2.258023339550433,0.0487514863258025,0.9,0.9411509448970627,0.0086206896551723,9.0,7.850623582766439,0.2413793103448276,2.1724137931034484,1.8929757927302384,0.3483947681331749,63.0,62.57142857142857,0.0862068965517242,1.7027027027027026,1.601140683842866,0.1449207828518173,1.75,1.7242329364178104,0.1163793103448276,28.857142857142858,69,2.110047846889952,0.2368421052631578,0,0.0,4.05,16.0,0.0807586071978621,0,0,0,0,2.0,0.0,1393.0,0.0,0.0,0.0,0.0,0,0,0,0,382,2674.0,18874,132118.0,0.0,0.5051020408163265,0.0,0.0,0.0,0.0,0.238250302490718,0.0357375453736077,0.0369352856619482,-0.1003994251921984
2026-03-16,64,62.57142857142857,0.0,2.3703703703703702,2.2918857734128677,0.1111111111111111,0.8648648648648649,0.9321978924657496,-0.0675675675675675,8.0,7.850623582766439,0.0,1.8823529411764703,1.927451121323214,0.1470588235294117,64.0,62.57142857142857,0.0,1.3061224489795915,1.5471281013662666,-0.2244897959183673,1.8285714285714283,1.7568859976423,0.1428571428571428,31.571428571428573,73,1.9649122807017545,0.2237762237762237,0,0.0,4.05,17.0,0.0730734096210938,0,0,0,0,1.0,0.0,5001.0,0.0,0.0,0.0,0.0,0,0,0,0,382,2674.0,18874,132118.0,0.0,0.5051020408163265,0.0,0.0,0.0,0.0,0.2557592282715697,0.0383638842407354,0.0370070378636901,0.0132658197862072
2026-03-17,67,63.57142857142857,0.1166666666666667,2.7916666666666665,2.430955037482131,0.5354166666666667,0.9710144927536232,0.9595969943990132,0.2461352657004829,8.375,7.975623582766439,0.1166666666666667,1.9705882352941175,1.994678012079516,0.3137254901960784,67.0,63.57142857142857,0.1166666666666667,1.6341463414634143,1.5715183452687054,0.1166666666666667,1.763157894736842,1.7944799826047062,0.1754385964912279,29.714285714285715,68,2.181395348837209,0.2427536231884058,0,0.0,4.05,18.0,0.0661195552886346,0,0,0,0,1.0,0.0,930.0,0.0,0.0,0.0,0.0,0,0,0,0,382,2674.0,18874,132118.0,0.0,0.5051020408163265,0.0,0.0,0.0,0.0,0.2304933434691928,0.0345740015203789,0.0357963995969221,-0.1968587498673457
2026-03-18,70,63.71428571428572,0.0144927536231884,2.5,2.4360570782984574,0.0144927536231882,0.9722222222222222,0.9444680261450448,-0.0982286634460547,10.0,8.308956916099772,0.3043478260869565,2.2580645161290325,2.076840538773908,0.3417484805984105,70.0,63.71428571428572,0.0144927536231884,1.5909090909090908,1.5583729540745337,-0.0546772068511198,1.8421052631578947,1.7677219109549935,-0.0922959572845155,30.571428571428573,71,2.2171945701357463,0.2456140350877192,1,0.5,4.55,0.0,0.5,0,0,0,1,1.0,0.0,15547.0,0.0,0.0,0.0,0.0,0,0,0,0,382,2674.0,18874,132118.0,0.0,0.5051020408163265,0.0,0.0,0.5051020408163265,0.0,0.2267884663464947,0.1350386781152395,0.050224396603411,2.9667441714387217
2026-03-19,81,65.57142857142857,0.1911764705882352,3.0,2.4598666021079816,0.0588235294117647,1.1571428571428573,0.9478693866892623,0.0210084033613446,11.571428571428571,8.88265306122449,0.5315126050420169,2.7,2.1156160489779894,0.1117647058823532,81.0,65.57142857142857,0.1911764705882352,2.076923076923077,1.5994371530334697,0.160633484162896,1.9285714285714288,1.7806838524883637,0.0493697478991597,29.857142857142858,69,2.625,0.2783505154639175,1,0.5,4.55,1.0,0.4524187090179797,0,0,0,1,4.0,0.0,4576.0,0.0,0.0,0.0,0.0,0,0,0,0,382,2674.0,18874,132118.0,0.0,0.5051020408163265,0.0,0.0,0.5051020408163265,0.0,0.1916895790574294,0.1297738450218797,0.0643024587050329,3.15576712034085
2026-03-20,78,68.28571428571429,0.3220338983050848,2.888888888888889,2.54838919063057,0.2730696798493408,1.0833333333333333,0.9688444433786048,0.1567796610169491,11.142857142857142,9.42091836734694,0.5108958837772397,2.6,2.186024212243296,0.2338983050847458,78.0,68.28571428571429,0.3220338983050848,1.6595744680851063,1.6258049341884848,0.1251352326000721,2.363636363636364,1.877529863620089,0.4021571648690294,30.0,71,2.5161290322580645,0.2698961937716263,1,0.5,4.55,2.0,0.4093653765389909,0,0,0,1,3.0,0.0,149798.0,0.0,0.0,0.0,0.0,0,0,0,0,382,2674.0,18874,132118.0,0.0,0.5051020408163265,0.0,0.0,0.5051020408163265,0.0,0.1999510058141504,0.1310130590353878,0.0777764552351213,2.5703164338355897
2026-03-21,73,70.85714285714286,0.3272727272727274,3.0416666666666665,2.680715197956577,0.4378787878787877,1.0,0.9926539671881286,0.1999999999999999,10.428571428571429,9.78826530612245,0.3272727272727274,2.433333333333333,2.288107545576629,0.4157575757575755,73.0,70.85714285714286,0.3272727272727274,1.5869565217391304,1.6510478072574448,0.1252964426877469,2.0277777777777777,1.9291171652073904,0.2166666666666665,30.0,72,2.3548387096774195,0.2570422535211267,1,0.5,4.55,3.0,0.3704091103408589,0,0,0,1,0.0,0.0,0.0,0.0,0.0,0.0,0.0,0,0,0,0,382,2674.0,18874,132118.0,0.0,0.5051020408163265,0.0,0.0,0.5051020408163265,0.0,0.2135883680985694,0.1330586633780507,0.0910799538121828,2.331949862835144
2026-03-22,75,72.57142857142857,0.1904761904761904,2.6785714285714284,2.75302343159486,0.2329931972789114,1.0416666666666667,1.012892062426224,0.1574074074074074,9.375,9.841836734693876,0.0416666666666667,2.34375,2.3125841465618504,0.0788690476190474,75.0,72.57142857142857,0.1904761904761904,1.829268292682927,1.6691286058260482,0.0743321718931475,2.2058823529411766,1.994243215627559,0.2605042016806724,29.857142857142858,71,2.430555555555556,0.2631578947368421,1,0.5,4.55,4.0,0.3351600230178196,0,0,0,1,0.0,0.0,0.0,0.0,0.0,0.0,0.0,0,0,0,0,382,2674.0,18874,132118.0,0.0,0.5051020408163265,0.0,0.0,0.5051020408163265,0.0,0.2069619106463436,0.1320646947602168,0.104840975153127,2.6954047453339385
2026-03-23,67,73.0,0.046875,2.392857142857143,2.7562358276643986,0.0094866071428572,0.9710144927536232,1.0280562949817609,0.1227355072463767,11.166666666666666,10.29421768707483,0.3958333333333332,1.9142857142857144,2.3171459712917426,0.0169642857142857,67.0,73.0,0.046875,1.675,1.7218253988289636,0.282421875,2.0303030303030303,2.0230620158749306,0.1103219696969697,29.285714285714285,68,2.212264150943396,0.2454212454212454,2,0.5,5.05,0.0,0.5,0,0,0,2,1.0,0.0,9410.0,0.0,0.0,0.0,0.0,0,0,0,0,382,2674.0,18874,132118.0,0.0,0.5051020408163265,0.0,0.0,1.010204081632653,0.0,0.227291629846029,0.2361345608034349,0.1330939289477983,5.1551265070470365
2026-03-24,70,73.42857142857143,0.0447761194029849,1.891891891891892,2.627696574125146,-0.3223073820088745,0.9333333333333332,1.0226732722074336,-0.0388059701492536,8.75,10.34778911564626,0.0447761194029849,1.4893617021276595,2.2483993236965345,-0.2442045093680533,70.0,73.42857142857143,0.0447761194029849,1.7073170731707317,1.7322783605014376,0.0447761194029852,1.75,2.02118231662681,-0.007462686567164,34.57142857142857,74,1.9678714859437751,0.2236421725239616,3,0.6,5.65,0.0,0.6,0,0,0,3,1.0,0.0,15726.0,0.0,0.0,0.0,0.0,0,0,0,0,382,2674.0,18874,132118.0,0.0,0.5051020408163265,0.0,0.0,1.5153061224489794,0.0,0.2553765724446492,0.3413677103564932,0.1769216016386718,8.873537784027723
2026-03-25,73,73.85714285714286,0.0428571428571429,2.28125,2.596446574125145,-0.0875,1.0579710144927537,1.0349230996746523,0.0881987577639751,10.428571428571429,10.409013605442178,0.0428571428571429,1.697674418604651,2.168343595478765,-0.2481727574750831,73.0,73.85714285714286,0.0428571428571429,1.871794871794872,1.7724049006279776,0.1765567765567766,1.738095238095238,2.006323741617859,-0.0564625850340135,32.285714285714285,68,2.193133047210301,0.2433333333333333,3,0.6,5.65,1.0,0.5429024508215757,0,0,0,3,1.0,0.0,3043.0,0.0,0.0,0.0,0.0,0,0,0,0,382,2674.0,18874,132118.0,0.0,0.5051020408163265,0.0,0.0,1.5153061224489794,0.0,0.2292653371324568,0.3374510250596644,0.2058376512021611,1.4989212703318224
2026-03-26,66,71.71428571428571,-0.1851851851851852,2.2,2.482160859839431,-0.2666666666666666,0.9850746268656716,1.010341923920769,-0.1487009397457159,8.25,9.93452380952381,-0.287037037037037,1.6923076923076923,2.0243875515227217,-0.3732193732193732,66.0,71.71428571428571,-0.1851851851851852,1.6097560975609757,1.705666760719106,-0.2249322493224932,1.6923076923076923,1.9725717792944688,-0.1225071225071224,31.142857142857142,66,2.0533333333333337,0.231578947368421,2,0.6,5.65,2.0,0.491238451846789,0,0,0,2,0.0,0.0,0.0,0.0,0.0,0.0,0.0,0,0,0,0,382,2674.0,18874,132118.0,0.0,0.5051020408163265,0.0,0.0,1.010204081632653,0.0,0.2447990504764102,0.2387606738979921,0.2214071981844629,0.8398212201983948
2026-03-27,60,69.14285714285714,-0.2307692307692307,1.875,2.337319589998161,-0.3509615384615384,0.8955223880597015,0.9835117888816785,-0.1733639494833524,8.571428571428571,9.5671768707483,-0.2307692307692307,1.3636363636363635,1.8477641748993447,-0.4755244755244756,60.0,69.14285714285714,-0.2307692307692307,1.4285714285714286,1.6726663265028665,-0.1391941391941391,1.6666666666666667,1.8730046797273687,-0.2948717948717948,31.714285714285715,66,1.8340611353711789,0.2120141342756183,2,0.6,5.65,3.0,0.4444909324090307,0,0,0,2,1.0,0.0,13352.0,0.0,0.0,0.0,0.0,0,0,0,0,382,2674.0,18874,132118.0,0.0,0.5051020408163265,0.0,0.0,1.010204081632653,0.0,0.2739074269978895,0.243126930376214,0.2374234655188666,0.8557457719580697
2026-03-28,65,68.0,-0.1095890410958904,1.9696969696969695,2.184181061859633,-0.3524283935242839,1.0,0.9835117888816785,0.0,8.125,9.238095238095235,-0.2208904109589041,1.4772727272727273,1.7111840883192584,-0.3929016189290161,65.0,68.0,-0.1095890410958904,1.5476190476190477,1.6670466873428544,-0.024787997390737,1.7567567567567568,1.8342873910100803,-0.1336542021473528,31.857142857142858,64,1.978260869565217,0.2249134948096885,2,0.6,5.65,4.0,0.4021920276213835,0,0,0,2,3.0,0.0,414247.0,0.0,0.0,0.0,0.0,0,0,0,0,382,2674.0,18874,132118.0,0.0,0.5051020408163265,0.0,0.0,1.010204081632653,0.0,0.254042137301017,0.2401471369216831,0.2527218188822427,0.8048215037255344
2026-03-30,72,67.57142857142857,-0.04,2.1818181818181817,2.113216312323455,-0.1854545454545454,0.9473684210526316,0.9700406109368164,-0.0905263157894737,8.0,9.041666666666666,-0.1466666666666666,1.7142857142857142,1.621260618931503,-0.2685714285714285,72.0,67.57142857142857,-0.04,1.945945945945946,1.683714923523286,0.0637837837837838,1.7560975609756098,1.7700324207292848,-0.2039024390243903,33.142857142857146,75,2.108786610878661,0.2360655737704918,2,0.6,5.65,5.0,0.36391839582758,0,0,0,2,0.0,0.0,0.0,0.0,0.0,0.0,0.0,0,0,0,0,382,2674.0,18874,132118.0,0.0,0.5051020408163265,0.0,0.0,1.010204081632653,0.0,0.2383921241633959,0.2377996349510399,0.2678268103380746,0.8006298760073667
2026-03-31,82,69.71428571428571,0.2238805970149253,2.2777777777777777,2.096776403026403,-0.0480928689883913,0.9761904761904762,0.9707800371420812,0.0053304904051172,9.11111111111111,8.748015873015873,-0.1840796019900497,1.673469387755102,1.5868582865699872,-0.1257995735607675,82.0,69.71428571428571,0.2238805970149253,2.102564102564102,1.744795509603872,0.2552621507845389,2.0,1.7657034164002805,-0.0149253731343282,36.0,83,2.216216216216216,0.244776119402985,2,0.6,5.65,6.0,0.3292869816564158,0,0,0,2,2.0,0.0,1304.0,0.0,0.0,0.0,0.0,0,0,0,0,382,2674.0,18874,132118.0,0.0,0.5051020408163265,0.0,0.0,1.010204081632653,0.0,0.2268881329392264,0.2360740362674145,0.2678181639757859,-0.0002563137552354
2026-04-01,74,70.28571428571429,0.0571428571428571,2.1142857142857143,2.128546949082664,0.1175510204081633,0.8314606741573034,0.956226800116934,-0.1091492776886035,14.8,9.612301587301587,0.6914285714285715,1.761904761904762,1.6257930093952877,0.1829931972789116,74.0,70.28571428571429,0.0571428571428571,1.761904761904762,1.7525937508515903,0.0319727891156462,1.804878048780488,1.773543137654636,0.0313588850174215,35.42857142857143,88,2.031372549019608,0.2291021671826625,1,0.6,5.65,7.0,0.2979511822748457,0,0,0,1,1.0,0.0,44314.0,0.0,0.0,0.0,0.0,0,0,0,0,382,2674.0,18874,132118.0,0.0,0.5051020408163265,0.0,0.0,0.5051020408163265,0.0,0.2474325624976722,0.1381352925379161,0.2387849614302749,-0.5953475142869833
2026-04-02,72,70.14285714285714,-0.0136986301369863,2.1818181818181817,2.1143424036281178,-0.0435865504358655,0.7659574468085106,0.9145105761620422,-0.2760128242494899,9.0,9.408219954648526,-0.136986301369863,1.8461538461538465,1.6470043561880297,0.0874604847207587,72.0,70.14285714285714,-0.0136986301369863,1.945945945945946,1.7631867614446013,0.0396149574231765,1.894736842105263,1.7959205096560684,0.0901225666906992,34.714285714285715,93,2.016,0.2278481012658227,0,0.0,5.65,8.0,0.2695973784703329,0,0,0,0,5.0,0.0,97912.0,0.0,0.0,0.0,0.0,0,0,0,0,382,2674.0,18874,132118.0,0.0,0.5051020408163265,0.0,0.0,0.0,0.0,0.2493099905312569,0.0373964985796885,0.1959200290759926,-0.8891794784944674
2026-04-03,66,70.14285714285714,0.0,1.9411764705882355,2.0773676137121515,-0.1176470588235294,0.7096774193548387,0.8751681179462089,-0.2795698924731182,9.428571428571429,9.5765873015873,0.1428571428571428,1.7837837837837838,1.6600723692560426,0.0540540540540541,66.0,70.14285714285714,0.0,1.736842105263158,1.781341905402056,0.0789473684210526,1.9411764705882355,1.831473192267574,0.1470588235294117,33.857142857142854,92,1.89344262295082,0.2171052631578947,0,0.0,5.65,9.0,0.2439417958443594,0,0,0,0,13.0,0.0,69708.0,0.0,0.0,0.0,0.0,0,0,0,0,382,2674.0,18874,132118.0,0.0,0.5051020408163265,0.0,0.0,0.0,0.0,0.265362367494582,0.0398043551241872,0.1674976978225919,-0.8332876412419858
2026-04-04,61,70.28571428571429,0.0166666666666666,1.90625,2.081831899426437,0.0166666666666666,0.6630434782608695,0.8419568451178044,-0.2596014492753624,7.625,9.441383219954648,-0.1104166666666666,1.564102564102564,1.6887103978940714,0.1470085470085471,61.0,70.28571428571429,0.0166666666666666,1.4878048780487805,1.7898038267559635,0.0414634146341463,1.564102564102564,1.81682117761556,-0.0615384615384615,35.0,91,1.6944444444444444,0.1986970684039088,0,0.0,5.65,10.0,0.2207276647028654,0,0,0,0,16.0,0.0,39385.0,0.0,0.0,0.0,0.0,0,0,0,0,382,2674.0,18874,132118.0,0.0,0.5051020408163265,0.0,0.0,0.0,0.0,0.2963440917436074,0.0444516137615411,0.1391155097347815,-0.8171670505905833
2026-04-05,61,69.71428571428571,-0.0615384615384615,1.8484848484848484,2.06451588211042,-0.0615384615384615,0.7176470588235294,0.8016207106640226,-0.2823529411764706,8.714285714285714,9.525566893424037,0.0725274725274724,1.648648648648649,1.713192672376346,0.116008316008316,61.0,69.71428571428571,-0.0615384615384615,1.4878048780487805,1.7812589453887822,-0.0386491557223265,1.7941176470588236,1.822158447658712,0.0212669683257917,33.0,84,1.7941176470588236,0.2081911262798634,0,0.0,5.65,11.0,0.1997226502188477,0,0,0,0,6.0,0.0,143043.0,0.0,0.0,0.0,0.0,0,0,0,0,382,2674.0,18874,132118.0,0.0,0.5051020408163265,0.0,0.0,0.0,0.0,0.279971786562685,0.0419957679844027,0.11080817131517,-0.8251248441987529
2026-04-06,62,68.28571428571429,-0.1388888888888888,1.9375,2.0296132847078225,-0.1119791666666666,0.7469879518072289,0.772994929343251,-0.2115127175368139,8.857142857142858,9.648015873015874,0.1071428571428572,1.878787878787879,1.736692981590941,0.095959595959596,62.0,68.28571428571429,-0.1388888888888888,1.6756756756756757,1.7426489067787436,-0.1388888888888889,1.8235294117647056,1.8317915692000115,0.0383986928104573,31.428571428571427,82,1.9118942731277533,0.2190812720848056,0,0.0,5.65,12.0,0.1807165271473212,0,0,0,0,8.0,0.0,137592.0,0.0,0.0,0.0,0.0,0,0,0,0,382,2674.0,18874,132118.0,0.0,0.5051020408163265,0.0,0.0,0.0,0.0,0.2628146864677977,0.0394222029701696,0.0824685381750457,-0.8342209273017336
2026-04-07,67,66.14285714285714,-0.1829268292682927,2.161290322580645,2.0129722196796607,-0.051140833988985,0.8170731707317073,0.750263885706284,-0.1629982153480071,11.166666666666666,9.941666666666666,0.2256097560975609,1.7179487179487178,1.7430471716186002,0.0265791119449654,67.0,66.14285714285714,-0.1829268292682927,1.9142857142857144,1.7157519941675454,-0.089547038327526,1.9705882352941175,1.8275898885277424,-0.0147058823529411,31.571428571428573,81,2.0570175438596494,0.231833910034602,1,0.4,6.050000000000001,0.0,0.4,0,0,0,1,5.0,0.0,85963.0,0.0,0.0,0.0,0.0,0,0,0,0,382,2674.0,18874,132118.0,0.0,0.5051020408163265,0.0,0.0,0.5051020408163265,0.0,0.2443627255689238,0.1376748169986038,0.0684115068509299,-0.4168150840499387
2026-04-08,68,65.28571428571429,-0.081081081081081,2.3448275862068964,2.045906772811258,0.1090400745573159,0.8395061728395061,0.7514132426608844,0.0096763430096762,11.333333333333334,9.446428571428571,-0.2342342342342342,2.060606060606061,1.7857187857187855,0.1695331695331694,68.0,65.28571428571429,-0.081081081081081,1.837837837837838,1.7265995764436988,0.0430971512052593,1.7435897435897436,1.818834416357636,-0.0339570339570339,31.285714285714285,80,2.106194690265487,0.2361111111111111,1,0.4,6.050000000000001,1.0,0.3619349672143838,0,0,0,1,6.0,0.0,89466.0,1.0,1.0,0.0,0.0,0,0,0,0,382,2674.0,18874,132118.0,0.0,0.5051020408163265,0.0,0.0,0.5051020408163265,0.0,0.2386841074404921,0.1368230242793391,0.0682240399568474,-0.0094998767836018
2026-04-09,67,64.57142857142857,-0.0694444444444444,2.4814814814814814,2.0887158156203007,0.1373456790123457,0.8589743589743589,0.7647013729702914,0.1214387464387463,9.571428571428571,9.528061224489797,0.0634920634920634,1.9705882352941175,1.8034951270245387,0.0674019607843137,67.0,64.57142857142857,-0.0694444444444444,1.675,1.6878930127371352,-0.1392361111111111,2.0303030303030303,1.838201014671603,0.0715488215488215,30.428571428571427,77,2.131818181818182,0.2384341637010676,1,0.4,6.050000000000001,2.0,0.3274923012311928,0,0,0,1,5.0,0.0,36463.0,0.0,0.0,0.0,0.0,0,0,0,0,382,2674.0,18874,132118.0,0.0,0.5051020408163265,0.0,0.0,0.5051020408163265,0.0,0.2358286268667059,0.1363947021932711,0.0823666404730735,2.647258630447085
2026-04-10,65,64.42857142857143,-0.0151515151515151,3.095238095238096,2.2535817619988525,0.5945165945165947,0.7142857142857143,0.7653597008175593,0.0064935064935065,10.833333333333334,9.72874149659864,0.148989898989899,2.03125,1.8388474436268556,0.1387310606060605,65.0,64.42857142857143,-0.0151515151515151,1.5476190476190477,1.6608611473594053,-0.1089466089466089,1.911764705882353,1.833999333999334,-0.0151515151515151,31.428571428571427,90,2.004405286343612,0.2272727272727272,1,0.4,6.050000000000001,3.0,0.2963272882726872,0,0,0,1,5.0,0.0,3371.0,0.0,0.0,0.0,0.0,0,0,0,0,382,2674.0,18874,132118.0,0.0,0.5051020408163265,0.0,0.0,0.5051020408163265,0.0,0.2507449936914867,0.1386321572169883,0.0964848979149022,2.4828389201247942
2026-04-11,67,65.28571428571429,0.098360655737705,3.35,2.4598317619988523,0.757377049180328,0.6633663366336634,0.765405823442244,0.0004869339392956,11.166666666666666,10.23469387755102,0.4644808743169397,2.310344827586207,1.945453481267376,0.4771057094403617,67.0,65.28571428571429,0.098360655737705,1.488888888888889,1.6610160060508492,0.0007285974499089,2.161290322580645,1.9193118709247745,0.3818085668958222,32.285714285714285,100,2.0128755364806867,0.227891156462585,1,0.4,6.050000000000001,4.0,0.2681280184142557,0,0,0,1,0.0,0.0,0.0,0.0,0.0,0.0,0.0,0,0,0,0,382,2674.0,18874,132118.0,0.0,0.5051020408163265,0.0,0.0,0.5051020408163265,0.0,0.2496950661112258,0.1384746680799491,0.109916762817532,2.1151775236505683
